{"max_age": 85, "min_height": 135, "weight_sum": 1266670, "serum_creatinine_avg": 0.8603669816509104, "percent_of_men": "53.337333133343336%", "percent_of_women": "46.65766711664417%", "std_deviation_waistline": 11.587644662760418}