max_age,min_height,weight_sum,serum_creatinine_avg,percent_of_men,percent_of_women,std_deviation_waistline
85,135,1266670,0.8603669816509104,53.337333133343336%,46.65766711664417%,11.587644662760418
