{"sum": 794314.0, "avr": 550.078947368421, "sumMD": 22500.0, "avrMD": 592.1052631578947, "sumSD": 19395.0, "avrSD": 510.39473684210526, "max": 998.0, "min": 100.0}