{"sum_price": 252033.18000000002, "avg_price": 5143.534285714286, "min_price": 11.33, "max_price": 88235.8, "sum_quantity": 33798, "avg_quantity": 689.7551020408164, "min_quantity": 11, "max_quantity": 1409, "sum_views": 2224432, "avg_views": 45396.57142857143, "min_views": 1589, "max_views": 97957}