{"cosmetics": 829.75, "fruit": 723.2631578947369, "no": 35.0, "tools": 666.2666666666667}